<?xml version="1.0" encoding="UTF-8"?><ValueSet xmlns="http://hl7.org/fhir"><id value="FishSpeciesValueSet"/><text><status value="generated"/><div xmlns="http://www.w3.org/1999/xhtml"><h2>Fish Species Value Set</h2><div><p>Codes describing various species of fish from SNOMED-CT.</p>
</div><p>This value set includes codes from the following code systems:</p><ul><li>Include codes from <code>SCT</code> where code  is-a  90580008</li></ul></div></text><url value="http://example.org/fhir/fish/ValueSet/FishSpeciesValueSet"/><version value="0.1.0"/><name value="FishSpeciesValueSet"/><title value="Fish Species Value Set"/><status value="active"/><date value="2020-02-03T11:53:45+11:00"/><description value="Codes describing various species of fish from SNOMED-CT."/><compose><include><system value="SCT"/><filter><property value="code"/><op value="is-a"/><value value="90580008"/></filter></include></compose></ValueSet>